insert into galleries (gallery_id, name, open_from, open_until, street_address, city, province, country, postal_code) values ('ea85d3ba-d708-4ff3-bbbb-dd9c5c77b8e8', 'Art Gallery of Ontario', 'Wednesday 10:00 AM', 'Sunday 5:00 PM', '317 Dundas St W', 'Toronto', 'Ontario', 'Canada', 'M5T 1G4');
insert into galleries (gallery_id, name, open_from, open_until, street_address, city, province, country, postal_code) values ('23a0f2de-7f9c-446c-adb4-352d7893de28', 'National Gallery of Canada', 'Thursday 10:00 AM', 'Sunday 5:00 PM', '380 Sussex Dr', 'Ottawa', 'Ontario', 'Canada', 'K1N 9N4');
insert into galleries (gallery_id, name, open_from, open_until, street_address, city, province, country, postal_code) values ('bce28df9-c081-48cd-bafd-6791dc972e0c', 'Montreal Museum of Fine Arts', 'Monday 10:00 AM', 'Saturday 5:00 PM', '1380 Sherbrooke St W', 'Montreal', 'Quebec', 'Canada', 'H3G 1J5');
insert into exhibitions (exhibition_id, gallery_id, name, room_number, duration, start_day, end_day) values ('7f518a9f-ccf7-498b-a52f-5c1b9a20bd59', 'ea85d3ba-d708-4ff3-bbbb-dd9c5c77b8e8', 'Colorful Exhibition', 345, 120, 'Tuesday', 'Friday');
insert into exhibitions (exhibition_id, gallery_id, name, room_number, duration, start_day, end_day) values ('384946d7-528d-4aa7-ab4e-c379012c7dab', 'ea85d3ba-d708-4ff3-bbbb-dd9c5c77b8e8', 'BlackAndWhite Exhibition', 367, 120, 'Tuesday', 'Friday');
insert into exhibitions (exhibition_id, gallery_id, name, room_number, duration, start_day, end_day) values ('94477ae0-c4a0-4379-aa54-3db04ea9a3dc', '23a0f2de-7f9c-446c-adb4-352d7893de28', 'Flowers Exhibition', 346, 60, 'Monday', 'Wednesday');
insert into exhibitions (exhibition_id, gallery_id, name, room_number, duration, start_day, end_day) values ('0305182e-a424-44be-adf8-edba2950e7d8', '23a0f2de-7f9c-446c-adb4-352d7893de28', 'European Exhibition', 350, 160, 'Tuesday', 'Wednesday');
insert into exhibitions (exhibition_id, gallery_id, name, room_number, duration, start_day, end_day) values ('153e2365-9b5e-4ca1-b13d-4442056f2d62', 'ea85d3ba-d708-4ff3-bbbb-dd9c5c77b8e8', 'American Exhibition', 380, 30, 'Wednesday', 'Wednesday');
insert into exhibitions (exhibition_id, gallery_id, name, room_number, duration, start_day, end_day) values ('8815db7d-223d-4bdd-94e6-152ca7bf798a', 'ea85d3ba-d708-4ff3-bbbb-dd9c5c77b8e8', 'The Art of Resilience Exhibition', 378, 120, 'Wednesday', 'Saturday');
insert into exhibitions (exhibition_id, gallery_id, name, room_number, duration, start_day, end_day) values ('4a65abf5-9f6a-4fc9-b3a8-2bf1840708b8', 'bce28df9-c081-48cd-bafd-6791dc972e0c', 'Art in Motion Exhibition', 389, 60, 'Monday', 'Wednesday');
insert into exhibitions (exhibition_id, gallery_id, name, room_number, duration, start_day, end_day) values ('384b231a-db98-4951-ab04-fd9353456449', 'bce28df9-c081-48cd-bafd-6791dc972e0c', 'Reflections on Time Exhibition', 390, 30, 'Tuesday', 'Wednesday');
insert into painters (painter_id, name, origin, birth_date, death_date) values ('f4c80444-5acf-4d57-8902-9f55255e9e55', 'Vincent van Gogh', 'Netherlands', '1853-03-30', '1890-07-29');
insert into painters (painter_id, name, origin, birth_date, death_date) values ('0e1482bb-67a8-4620-842b-3f7bfb7ee175', 'Frida Kahlo', 'Mexico', '1907-07-06', '1954-07-13');
insert into painters (painter_id, name, origin, birth_date, death_date) values ('ede04dc9-9cf9-4191-8b4e-7d91234cb49c', 'Leonardo da Vinci', 'Italy', '1452-04-15', '1519-05-02');
insert into paintings (painting_id, gallery_id, exhibition_id, title, year, painter_id) values ('3ed9654a-b773-4aa0-ae6b-b22afb636c8e', 'ea85d3ba-d708-4ff3-bbbb-dd9c5c77b8e8', '7f518a9f-ccf7-498b-a52f-5c1b9a20bd59', 'The Starry Night', 1889, 'f4c80444-5acf-4d57-8902-9f55255e9e55');
insert into paintings (painting_id, gallery_id, exhibition_id, title, year, painter_id) values ('b5fff508-79d2-4fdc-aecf-5a7b504f9fcc', 'ea85d3ba-d708-4ff3-bbbb-dd9c5c77b8e8', '7f518a9f-ccf7-498b-a52f-5c1b9a20bd59', 'Sunflowers', 1888, 'f4c80444-5acf-4d57-8902-9f55255e9e55');
insert into paintings (painting_id, gallery_id, exhibition_id, title, year, painter_id) values ('d2d6b05f-9cfb-4a54-ba3e-57dffe0fd5c6', 'ea85d3ba-d708-4ff3-bbbb-dd9c5c77b8e8', '7f518a9f-ccf7-498b-a52f-5c1b9a20bd59', 'Mona Lisa', 1506, 'ede04dc9-9cf9-4191-8b4e-7d91234cb49c');
insert into paintings (painting_id, gallery_id, exhibition_id, title, year, painter_id) values ('6ae9eaf7-5ec4-45da-a85d-45a317e711a2', 'ea85d3ba-d708-4ff3-bbbb-dd9c5c77b8e8', '384946d7-528d-4aa7-ab4e-c379012c7dab', 'The Two Fridas', 1939, '0e1482bb-67a8-4620-842b-3f7bfb7ee175');
insert into paintings (painting_id, gallery_id, exhibition_id, title, year, painter_id) values ('8617ca1a-c7aa-4a32-8067-54d5efa5c8d2', '23a0f2de-7f9c-446c-adb4-352d7893de28', '94477ae0-c4a0-4379-aa54-3db04ea9a3dc', 'Self-Portrait with Thorn Necklace and Hummingbird', 1498, 'ede04dc9-9cf9-4191-8b4e-7d91234cb49c');
insert into paintings (painting_id, gallery_id, exhibition_id, title, year, painter_id) values ('893fbf00-8594-4e38-b2b9-65c5a0653e53', '23a0f2de-7f9c-446c-adb4-352d7893de28', '94477ae0-c4a0-4379-aa54-3db04ea9a3dc', 'The Broken Column', 1944, '0e1482bb-67a8-4620-842b-3f7bfb7ee175');
insert into paintings (painting_id, gallery_id, exhibition_id, title, year, painter_id) values ('f32e5cb2-1890-4572-812b-fdc671537b45', 'ea85d3ba-d708-4ff3-bbbb-dd9c5c77b8e8', '', 'Hello man', 1993, '');
insert into sculptures (sculpture_id, gallery_id, exhibition_id, title, material, texture) values ('acf18748-b00c-4f3a-9d0b-b1b1fdf9c240', 'ea85d3ba-d708-4ff3-bbbb-dd9c5c77b8e8', '384946d7-528d-4aa7-ab4e-c379012c7dab', 'Vase', 'Wood', 'Rough');
insert into sculptures (sculpture_id, gallery_id, exhibition_id, title, material, texture) values ('04875097-6dab-451c-b08d-b1e48da9ded8', 'ea85d3ba-d708-4ff3-bbbb-dd9c5c77b8e8', '384946d7-528d-4aa7-ab4e-c379012c7dab', 'Face', 'Stone', 'Smooth');
insert into sculptures (sculpture_id, gallery_id, exhibition_id, title, material, texture) values ('2872b8a2-e691-4115-891c-bed7187392d0', 'ea85d3ba-d708-4ff3-bbbb-dd9c5c77b8e8', '7f518a9f-ccf7-498b-a52f-5c1b9a20bd59', 'Hand', 'Clay', 'Bumpy');